{"cameraMode":{"drawMode":0,"name":"Shaded","section":"Shading Mode"},"sceneLighting":false,"audioPlay":false,"sceneViewState":{"m_AlwaysRefresh":false,"showFog":true,"showSkybox":false,"showFlares":true,"showImageEffects":true,"showParticleSystems":true,"showVisualEffectGraphs":true,"m_FxEnabled":true},"in2DMode":false,"pivot":{"x":34.222412109375,"y":9.201918601989746,"z":-26.506366729736329},"rotation":{"x":-0.13332858681678773,"y":-0.035080935806035998,"z":0.004721698351204395,"w":-0.9904412031173706},"size":115.91545867919922,"orthographic":true}